body length (cm),body width (cm),wing length (cm),wing thickness (cm),Category
8.74,6,2.4,0.34,Type A
8.4,5.14,2.4,0.34,Type A
8.05,5.48,2.23,0.34,Type A
7.88,5.31,2.57,0.34,Type A
8.57,6.17,2.4,0.34,Type A
9.25,6.68,2.91,0.69,Type A
7.88,5.83,2.4,0.51,Type A
8.57,5.83,2.57,0.34,Type A
7.54,4.97,2.4,0.34,Type A
8.4,5.31,2.57,0.17,Type A
9.25,6.34,2.57,0.34,Type A
8.22,5.83,2.74,0.34,Type A
8.22,5.14,2.4,0.17,Type A
7.37,5.14,1.88,0.17,Type A
9.94,6.85,2.06,0.34,Type A
9.77,7.54,2.57,0.69,Type A
9.25,6.68,2.23,0.69,Type A
8.74,6,2.4,0.51,Type A
9.77,6.51,2.91,0.51,Type A
8.74,6.51,2.57,0.51,Type A
9.25,5.83,2.91,0.34,Type A
8.74,6.34,2.57,0.69,Type A
7.88,6.17,1.71,0.34,Type A
8.74,5.65,2.91,0.86,Type A
8.22,5.83,3.26,0.34,Type A
8.57,5.14,2.74,0.34,Type A
8.57,5.83,2.74,0.69,Type A
8.91,6,2.57,0.34,Type A
8.91,5.83,2.4,0.34,Type A
8.05,5.48,2.74,0.34,Type A
8.22,5.31,2.74,0.34,Type A
9.25,5.83,2.57,0.69,Type A
8.91,7.02,2.57,0.17,Type A
9.42,7.2,2.4,0.34,Type A
8.4,5.31,2.57,0.17,Type A
8.57,5.48,2.06,0.34,Type A
9.42,6,2.23,0.34,Type A
8.4,5.31,2.57,0.17,Type A
7.54,5.14,2.23,0.34,Type A
8.74,5.83,2.57,0.34,Type A
8.57,6,2.23,0.51,Type A
7.71,3.94,2.23,0.51,Type A
7.54,5.48,2.23,0.34,Type A
8.57,6,2.74,1.03,Type A
8.74,6.51,3.26,0.69,Type A
8.22,5.14,2.4,0.51,Type A
8.74,6.51,2.74,0.34,Type A
7.88,5.48,2.4,0.34,Type A
9.08,6.34,2.57,0.34,Type A
8.57,5.65,2.4,0.34,Type A
11.99,5.48,8.05,2.4,Type B
10.97,5.48,7.71,2.57,Type B
11.82,5.31,8.4,2.57,Type B
9.42,3.94,6.85,2.23,Type B
11.14,4.8,7.88,2.57,Type B
9.77,4.8,7.71,2.23,Type B
10.79,5.65,8.05,2.74,Type B
8.4,4.11,5.65,1.71,Type B
11.31,4.97,7.88,2.23,Type B
8.91,4.63,6.68,2.4,Type B
8.57,3.43,6,1.71,Type B
10.11,5.14,7.2,2.57,Type B
10.28,3.77,6.85,1.71,Type B
10.45,4.97,8.05,2.4,Type B
9.6,4.97,6.17,2.23,Type B
11.48,5.31,7.54,2.4,Type B
9.6,5.14,7.71,2.57,Type B
9.94,4.63,7.02,1.71,Type B
10.62,3.77,7.71,2.57,Type B
9.6,4.28,6.68,1.88,Type B
10.11,5.48,8.22,3.08,Type B
10.45,4.8,6.85,2.23,Type B
10.79,4.28,8.4,2.57,Type B
10.45,4.8,8.05,2.06,Type B
10.97,4.97,7.37,2.23,Type B
11.31,5.14,7.54,2.4,Type B
11.65,4.8,8.22,2.4,Type B
11.48,5.14,8.57,2.91,Type B
10.28,4.97,7.71,2.57,Type B
9.77,4.45,6,1.71,Type B
9.42,4.11,6.51,1.88,Type B
9.42,4.11,6.34,1.71,Type B
9.94,4.63,6.68,2.06,Type B
10.28,4.63,8.74,2.74,Type B
9.25,5.14,7.71,2.57,Type B
10.28,5.83,7.71,2.74,Type B
11.48,5.31,8.05,2.57,Type B
10.79,3.94,7.54,2.23,Type B
9.6,5.14,7.02,2.23,Type B
9.42,4.28,6.85,2.23,Type B
9.42,4.45,7.54,2.06,Type B
10.45,5.14,7.88,2.4,Type B
9.94,4.45,6.85,2.06,Type B
8.57,3.94,5.65,1.71,Type B
9.6,4.63,7.2,2.23,Type B
9.77,5.14,7.2,2.06,Type B
9.77,4.97,7.2,2.23,Type B
10.62,4.97,7.37,2.23,Type B
8.74,4.28,5.14,1.88,Type B
9.77,4.8,7.02,2.23,Type B
10.79,5.65,10.28,4.28,Type C
9.94,4.63,8.74,3.26,Type C
12.17,5.14,10.11,3.6,Type C
10.79,4.97,9.6,3.08,Type C
11.14,5.14,9.94,3.77,Type C
13.02,5.14,11.31,3.6,Type C
8.4,4.28,7.71,2.91,Type C
12.51,4.97,10.79,3.08,Type C
11.48,4.28,9.94,3.08,Type C
12.34,6.17,10.45,4.28,Type C
11.14,5.48,8.74,3.43,Type C
10.97,4.63,9.08,3.26,Type C
11.65,5.14,9.42,3.6,Type C
9.77,4.28,8.57,3.43,Type C
9.94,4.8,8.74,4.11,Type C
10.97,5.48,9.08,3.94,Type C
11.14,5.14,9.42,3.08,Type C
13.19,6.51,11.48,3.77,Type C
13.19,4.45,11.82,3.94,Type C
10.28,3.77,8.57,2.57,Type C
11.82,5.48,9.77,3.94,Type C
9.6,4.8,8.4,3.43,Type C
13.19,4.8,11.48,3.43,Type C
10.79,4.63,8.4,3.08,Type C
11.48,5.65,9.77,3.6,Type C
12.34,5.48,10.28,3.08,Type C
10.62,4.8,8.22,3.08,Type C
10.45,5.14,8.4,3.08,Type C
10.97,4.8,9.6,3.6,Type C
12.34,5.14,9.94,2.74,Type C
12.68,4.8,10.45,3.26,Type C
13.54,6.51,10.97,3.43,Type C
10.97,4.8,9.6,3.77,Type C
10.79,4.8,8.74,2.57,Type C
10.45,4.45,9.6,2.4,Type C
13.19,5.14,10.45,3.94,Type C
10.79,5.83,9.6,4.11,Type C
10.97,5.31,9.42,3.08,Type C
10.28,5.14,8.22,3.08,Type C
11.82,5.31,9.25,3.6,Type C
11.48,5.31,9.6,4.11,Type C
11.82,5.31,8.74,3.94,Type C
9.94,4.63,8.74,3.26,Type C
11.65,5.48,10.11,3.94,Type C
11.48,5.65,9.77,4.28,Type C
11.48,5.14,8.91,3.94,Type C
10.79,4.28,8.57,3.26,Type C
11.14,5.14,8.91,3.43,Type C
10.62,5.83,9.25,3.94,Type C
10.11,5.14,8.74,3.08,Type C
