,l=10 cm,l=20 cm,l = 30 cm,l = 40 cm,l = 50 cm,l = 60 cm ,l = 70 cm, l = 80 cm,l = 90 cm,l = 100 cm
T1,6.32,8.3,11.2,13.1,14.56,15.68,17.1,18.25,19.3,20.4
T2,5.71,8.61,11.45,12.9,14.34,15.82,16.8,17.2,17.98,19.4
T3,6.14,9.45,10.9,11.9,14.65,14.95,16.9,18.1,18.8,19.5
T4,6.05,9.31,10.2,12.1,13.78,14.89,16.23,17.6,18.35,19.4
T5,6.5,9.6,10.32,12.21,13.85,15.32,16.35,17.9,18.2,20.3
T6,6.61,8.1,10.56,12.7,14.25,15.35,16.18,17.36,19.3,20.12
T7,6.52,8.52,10.23,12.65,13.69,15.69,16.5,17.42,19.26,20.5
T8,5.59,9.35,11.5,12.4,14.45,14.92,16.8,17.9,19.1,19.9
T9,5.45,7.91,11.61,12.9,14.69,15.7,16.78,17.88,18.4,20.4
T10,7.01,8.23,9.92,12.13,13.98,15.8,16.38,17.35,18.7,20.5
