Temperature(c),Voltage (heating),Voltage (cooling),mean
25.2,1.57,1.6,1.585
27,1.65,1.68,1.665
29,1.73,1.78,1.755
31,1.81,1.86,1.835
33,1.89,1.92,1.905
35,1.97,2.03,2
37,2.07,2.12,2.095
39,2.14,2.2,2.17
41,2.27,2.31,2.29
43,2.36,2.39,2.375
45,2.47,2.53,2.5
47,2.57,2.65,2.61
49,2.65,2.7,2.675
51,2.76,2.81,2.785
53,2.84,2.89,2.865
55,2.93,3.01,2.97
57,3.03,3.12,3.075
59,3.11,3.18,3.145
61,3.21,3.28,3.245
63,3.29,3.36,3.325
65,3.37,3.45,3.41
67,3.46,3.51,3.485
69,3.55,3.61,3.58
71,3.63,3.69,3.66
73,3.7,3.78,3.74
75,3.76,3.81,3.785
77,3.82,3.85,3.835
79,3.88,3.92,3.9
81,3.93,3.98,3.955
83,3.96,4.02,3.99
85,4.03,4.09,4.06
87,4.08,4.12,4.1
89,4.13,4.19,4.16
91,4.19,4.26,4.225
