X,Y
3.71554095,34.9601817
24.24467747,2.594420709
11.32099622,44.77154806
16.40018865,13.56631057
38.98904388,6.998893966
9.816707726,18.57936547
42.37084439,10.41647005
13.34027061,13.48473087
53.08895124,52.80179133
35.06080847,25.79279599
31.06052864,42.36098042
5.962491974,37.63743567
1.191789984,10.43372746
33.60657794,1.430210503
17.8989692,7.073676562
16.16570944,21.97883658
6.572996568,9.501841481
33.91193648,17.39546476
20.04268874,30.32334067
6.806954855,24.25440986
7.919502229,5.915042412
14.13650309,28.60708794
25.07883576,19.82254258
55.88547899,26.1936824
34.68104009,53.57215008
0.588720153,4.418176847
46.15568338,8.029058971
20.44524845,36.03973954
33.36059587,46.32329273
42.43466206,36.04089005
8.409369286,31.92294002
24.71407992,0.106018101
41.2594857,32.10854802
20.68235121,16.50361909
2.025482829,22.9928611
27.02658679,7.532675236
37.43306074,3.541954303
11.84650525,35.59590636
13.94950943,18.10955622
7.437249158,4.089441411
38.82856062,9.666965242
44.91428732,32.10962279
15.2786278,3.711463983
9.013070199,1.812153034
51.30670039,22.46661845
37.25308314,0.989719265
22.71552694,37.66792908
14.97483857,35.46671688
3.73148132,0.452073169
25.69100918,14.31235348
29.63082034,9.668318973
30.68396953,58.97455891
19.63061028,20.51213193
22.69324227,7.929635662
26.3921996,4.08114616
13.58480603,38.64304324
8.971745658,27.51873484
35.19108581,24.18111284
0.564227051,15.01287087
49.39117014,10.37568644
15.86320979,11.71837893
21.81121045,31.22323426
44.13036452,15.94651412
32.18511995,27.49610217
27.11520947,11.54114103
5.040177968,3.499353311
8.653441859,24.82529864
31.4142409,24.85203272
11.76567356,47.08955165
42.78298435,14.68999831
7.64852891,21.95322431
39.00947968,24.99147466
28.34823057,16.81879817
26.84406343,43.16816677
16.40496828,22.14961599
23.80724715,24.25588034
1.178333141,8.153029838
4.705173936,22.51913443
28.30784249,12.0398816
40.65886224,17.85236039
20.30473997,17.09054194
22.01040189,30.56711111
29.98480157,6.523655891
42.85495665,3.574603139
21.18840521,15.8840514
4.26512484,18.87319118
8.887793401,21.09360865
26.04628942,42.07894053
24.61076328,10.8316199
14.12570284,22.09967159
21.40191244,41.89383902
40.93029395,14.61596111
11.77036808,18.35581906
11.7661938,5.329134409
14.67763313,25.87376364
22.65788494,19.55047989
22.99373167,18.1082334
22.95528399,28.46582512
15.96059765,18.33723918
14.88107426,16.73080607
30.54965177,11.02842003
53.01053149,30.32445395
19.90539124,16.90006545
18.7021657,6.270393951
18.57196191,24.18025275
28.69312423,28.69534669
15.8768368,1.241233788
9.963460606,44.18289564
33.4408747,25.54429379
8.580586329,20.05467732
1.164969715,11.72094686
16.32194987,14.57540102
34.34902897,1.280888711
7.018515927,0.620319565
1.43970181,21.86083845
4.006607996,31.30803168
16.29776335,21.03182499
24.83865107,13.4875022
35.48719574,17.0848591
28.91105383,17.01331426
24.36311581,24.19494005
23.74954909,5.385382256
26.53813656,15.21564516
29.45732046,12.28740167
1.976743331,25.45168343
47.94391378,32.5258812
9.763235987,5.380786231
31.14029332,18.79125167
28.86056327,21.72948083
20.44464388,64.37938169
19.90805058,17.61132186
18.17826987,11.24694925
34.85199342,14.69368499
29.53914058,24.26904545
38.28478793,26.30269395
1.799228286,0.102683224
41.12553719,10.86933795
0.190961303,9.955721002
38.9693793,1.303194984
7.002571944,9.997887368
1.232151898,2.235089922
2.771619629,13.0821888
14.67636752,9.761927687
4.805467585,38.8000392
0.063817562,24.17050568
3.878501103,30.024753
34.33748533,6.835796201
8.855735945,30.43680979
48.1370082,26.2354181
22.40816632,32.29640914
31.47582269,7.565167494
10.11273034,29.16685325
17.83979979,39.74908394
9.434867793,31.25914875
25.13956972,18.10343654
37.63866158,30.20107299
4.925492699,29.60328021
40.62485947,18.04332967
16.27016224,9.955292785
19.79594171,30.29301029
7.734975506,0.195363411
14.36375134,0.69587468
27.84827662,13.59965345
6.331027668,14.77088728
17.11077521,26.7370342
17.81954685,48.03089685
12.21944223,19.06402177
18.45634079,15.76057423
22.13638378,28.11846946
40.10148055,3.538841911
12.34485689,13.28342862
34.06775446,14.65005408
8.427633896,21.31595696
19.49466153,22.69627349
4.397556785,45.78552022
15.14210324,17.17554712
6.499871453,6.034969942
1.658945604,14.10033722
5.636272419,50.84701012
8.327385706,3.075041777
73.97878357,90.10236917
73.79364678,90.1394509
65.19794166,80.88936701
106.1606163,65.48383406
86.29351514,83.10391279
46.22697521,71.1654418
96.96727858,82.02616509
61.81596556,90.36165909
72.81315582,85.40076092
85.65380172,63.21956598
91.84742052,64.88736798
60.413212,66.75756518
74.80864949,81.64104735
68.41124401,91.17228969
83.77196276,69.57802677
93.33489376,97.41602536
78.51972955,76.77525433
53.3934297,73.88731111
75.62739931,83.68069111
77.47360353,83.66040407
103.0113543,72.05128852
72.63541576,60.36252029
79.870093,94.65219474
53.73394476,70.01214549
80.53910754,92.75154325
85.74305359,84.88195442
76.63530821,87.22811386
95.21455825,54.36512335
90.92803101,78.51860291
72.05016704,43.35386321
59.29473015,105.4708849
69.67177201,63.72846843
73.15361066,68.82279167
81.86537949,102.7546052
71.20076074,82.31435076
62.79144288,102.8024966
82.83565164,63.77271315
93.5645933,97.99981473
82.42184545,55.40904549
106.7775322,84.65183781
97.55681446,71.73660192
74.02064113,81.65679664
96.70102517,82.14485042
61.14749281,83.92983795
104.4430129,80.98709424
81.94078286,61.06184386
58.95516368,70.43461792
75.1022353,81.56091103
82.48935462,104.0286148
80.88031158,95.96634033
79.41005998,101.7335542
51.94403782,71.0190235
94.74550094,77.42605992
93.9729442,85.77599154
94.18815476,89.19601592
90.10473401,102.3868308
94.79711028,94.90710061
80.30628138,71.27224685
70.10659868,91.26416896
43.42309154,60.39232718
65.55119471,76.28567932
40.52842945,98.88081954
89.00262854,109.768736
95.93321703,95.45568997
113.7601405,71.4356287
57.44812401,76.51463905
67.62511919,76.14731958
64.24671515,88.51820101
87.69474274,79.59616114
84.67372255,77.86923909
91.28050502,81.04461124
76.01831563,93.94376705
98.91231904,100.0618074
65.14587966,71.98329188
54.47755858,76.42152473
86.24185722,78.00798238
108.962763,73.91234937
63.67237167,88.5275631
82.24900743,88.24463894
84.55681896,83.65648641
48.16551675,69.10828959
71.14512623,74.78053493
73.27412542,86.19228143
89.01323763,63.0253861
90.3020661,88.78652208
86.98655099,58.73158268
86.6087345,81.23893129
94.41320113,106.7653519
103.8210183,81.68966258
79.97187962,89.47922426
63.2744007,58.23975288
72.91204112,98.30853371
75.03307553,102.5387136
38.17830675,56.1919036
78.14466901,93.32291812
78.95565352,78.56520883
78.17387757,53.55653398
97.37103312,69.7585292
96.34298986,78.94214873
96.02240581,85.14886971
78.39988264,83.39392471
57.90533586,80.09043991
105.7406048,99.62290346
65.22464626,87.58528777
83.71969827,92.2578242
81.41229328,76.4974401
99.95946165,83.24594852
98.83196483,94.61579305
75.13269138,77.49499588
108.9474865,82.87223488
68.62057365,61.99935083
94.61198653,82.40440582
68.11862074,90.11877247
82.39623043,55.09287394
88.83028332,99.99786054
118.3977535,80.52353846
83.48974487,104.0989521
82.530834,84.13012795
70.54072413,59.08437331
93.69031904,60.89644645
97.10984364,68.17751662
83.97850938,74.41592403
97.61900357,84.51269603
109.3864303,63.74483481
86.20794622,80.71012821
84.19915357,103.9388176
88.77977045,62.78711887
88.00266228,73.76570936
72.89967545,95.68785992
70.96490025,74.30404509
80.48610882,94.19278845
88.72384704,76.48377632
75.91735301,62.59805508
68.60247367,70.18428371
77.76063587,109.8014456
69.86795849,75.56256398
49.21402393,89.00856641
56.33826809,66.40115717
95.63503053,48.42607356
81.43880619,92.0139447
102.8816635,66.19860337
70.63962725,107.0665449
79.62409783,68.95604099
69.23771244,65.41165515
73.40491692,96.32330715
93.31649103,62.38594546
83.21879112,73.96760397
91.73660606,77.65460409
85.57287023,77.6209219
47.19371104,80.70503668
60.92379576,91.20692618
69.80258161,70.92481016
79.86645762,88.66690931
77.45384273,104.6327416
104.7322679,105.7320289
76.48521913,57.77062316
98.30117771,73.75482072
80.57249468,89.42480154
55.93345399,104.4368181
93.12443494,85.28407373
93.36375126,88.35428809
81.75242173,75.38338517
68.91286588,84.30821421
85.4180459,96.24798204
83.00990013,67.20197726
56.35650729,78.08656757
79.58812435,78.52862626
57.04230654,96.11697711
96.08944619,67.65072253
92.08973167,94.29246293
80.57670615,65.77252061
104.200723,85.71382151
76.23443817,91.59268094
104.3331273,72.5425978
90.37133818,109.1474026
63.25152749,71.76119617
71.03217379,77.62509294
76.85039396,84.51193159
67.6943672,70.66004767
84.51935726,82.3236779
153.1111971,26.14032537
151.5776995,2.855719407
134.2487553,47.72569926
145.8811707,31.21089442
144.0910211,26.38003785
136.5364392,73.57368827
134.0576612,19.42518173
103.6274551,36.59399986
131.7162058,19.08808841
132.0793917,17.91975582
135.7362935,19.35437336
139.2079778,17.68692033
137.4818416,39.62777678
153.2212538,33.31163478
129.0132668,38.85231248
156.9746676,11.69893507
162.8577803,9.751610855
112.3695224,36.52288979
138.2072183,34.65382347
128.6869676,1.073449824
158.4780768,1.109028451
116.5845423,8.883803361
98.08291553,4.413434251
107.4588806,19.46591773
106.4537397,3.585898712
174.9809299,25.17686361
140.7920851,4.311279705
136.316035,20.72162845
115.9222881,21.89271021
157.8684869,14.77612822
137.0414545,10.63144623
119.011492,35.86542652
130.0767403,6.054325483
129.6112533,19.13800809
122.6237613,21.89774759
119.5998848,31.61000003
124.1441633,39.80402478
139.8495102,7.315333574
153.6719091,0.617453187
131.7940153,19.9988671
138.182498,10.12878203
126.1903019,22.52351514
120.2016266,38.99643948
147.4277133,12.28639414
136.695613,47.92346186
154.0398268,25.70328717
118.7672184,44.44416978
155.786016,17.77391919
131.754529,17.18144092
121.9709498,12.93821663
151.4474077,7.114319159
135.2888844,21.70633959
141.5535206,2.315945689
122.2677066,36.33748074
121.6320636,35.12976434
132.7645203,36.19694525
133.6838224,2.502930191
152.8483228,19.73913167
161.7286488,33.38300128
136.5586006,13.25498598
140.3505851,22.85315027
126.7737721,32.6290936
134.0395476,13.65458382
131.8896749,23.46525901
129.619211,22.02455165
181.4990461,19.1958581
133.4899289,5.015338422
140.7533289,3.361535851
134.3666282,22.2741139
114.0351583,22.36194129
144.5677276,0.543499705
134.1153621,7.459995433
163.632514,24.95844915
137.3061725,17.54846254
156.9716541,18.58751672
144.9622516,42.77944341
134.8074928,3.610470132
127.6324914,41.42995752
141.3714246,12.46503068
154.6046657,34.96936079
132.8652835,5.420947444
116.442071,6.908333814
136.0252032,6.602060794
167.8771161,20.87806632
110.8677569,41.28093913
142.4256546,30.57469221
150.2305217,24.44834851
147.8501395,23.58141008
123.4042114,25.50098297
155.3585826,16.84915381
148.2695333,26.29383718
167.234781,16.20874549
135.6199376,18.2460239
138.4641339,14.08926566
130.3608524,24.498276
139.8761523,8.009912687
130.0283112,14.66580308
127.9764233,12.30424084
131.9091482,33.4305627
155.245869,34.00377642
146.400527,9.375162734
154.3974567,15.2862412
140.3457831,40.07330798
141.2598928,23.70926045
118.8083077,27.30513941
125.2999003,35.17909485
137.2310123,13.54253263
134.6296985,16.57948193
147.2821284,30.05768586
135.0835363,35.19302292
92.49417007,9.29016503
123.3145359,1.187247341
154.3955956,32.43755599
128.3634497,37.67085506
141.5220034,13.67473849
129.6061581,8.325924103
147.0916229,29.75232351
143.5775182,10.75326516
144.4453798,28.48094846
129.9619159,20.64875814
112.0417355,1.550464075
135.1364698,15.35373284
145.2751906,2.196119202
134.881909,12.65330329
147.9201571,41.31564153
165.8138048,3.526600702
139.2797871,3.312060346
139.0288257,26.34378919
141.2223635,19.26482452
162.2455876,30.81484088
135.9101831,20.36317041
153.0634671,29.14685759
133.6238584,6.628642617
122.2301376,22.18968838
113.2020972,17.71408253
133.1964624,34.98879205
120.2293426,8.976534684
133.7053889,29.52144697
156.048779,6.360094752
147.0539562,3.328543284
128.767588,28.51392089
150.7722581,5.009288761
147.1234748,8.027497199
136.9601164,2.986279606
127.8845099,0.858839718
148.3043959,28.30811706
129.6319933,25.6337346
143.9190883,18.07322368
172.372553,7.386820743
140.2145764,14.26419456
134.4232998,22.39118006
135.5840645,7.093598599
141.8634125,37.7349747
154.1414957,23.04566733
128.9690478,22.79644401
156.2696454,37.86783893
145.3953059,14.534642
136.9587088,31.58068891
150.2951932,6.365494182
149.8792635,30.6693251
126.6921286,8.525283257
128.6425385,9.796057962
118.7487562,24.69637894
128.214209,18.94424246
132.5364683,23.82766282
124.8407445,23.67898062
145.8467152,32.41391878
169.5165363,11.38152655
144.804715,9.362557376
111.1241199,32.62445935
159.9829983,14.12558434
143.1637444,19.0388489
146.512965,33.20803623
145.17406,25.18654894
158.8960481,17.53006667
153.8459686,7.669993667
164.1062742,31.06738089
133.943607,11.71822221
139.9953392,2.272858868
144.494519,41.76753234
22.40089689,137.3298108
25.13308106,144.2847529
15.44296163,143.614053
29.30416034,136.1098755
34.67838617,138.0848814
31.50498144,174.0965766
18.55413306,110.8680175
14.95112414,114.1116499
29.1685674,159.6402646
30.43819493,144.8046232
10.32611814,163.6347462
31.29914318,144.2670434
23.07290479,141.6744104
26.78324636,130.8000923
42.87874901,142.2850963
29.00081676,133.4964908
25.623778,105.7737136
3.225516823,139.5288027
0.162903349,176.591211
5.021219709,145.1885112
44.8365973,147.2193059
15.3465867,131.7178387
30.09883233,127.9959398
18.20770835,150.3679791
15.3818146,141.3126502
15.43870561,125.4530359
37.83725727,160.8959936
15.24950069,136.0163576
17.33150992,148.0820491
6.420496021,138.6721204
23.94438583,149.6306322
21.71255912,146.0510481
25.18770143,155.1159236
12.10603977,132.2247019
38.0377488,116.5526494
44.43635437,178.3384169
27.16177527,152.2114771
2.343725606,129.5816032
35.86793821,145.4272302
17.27858805,143.493037
27.60464726,135.6035645
19.56581083,139.4553894
4.215815279,144.8539194
47.05378872,165.979432
2.145989438,148.5594683
30.13255671,133.8423431
5.536999479,120.1877853
13.32944332,145.250137
17.62912736,130.8360037
1.26265053,145.2607439
35.9981367,126.0961704
26.72643446,111.8078713
10.13800837,150.9440618
3.233491859,130.9334491
41.26950243,129.0073403
7.190827712,148.6377254
49.32100345,136.4049508
31.5310379,160.1865377
24.88328244,135.9512315
6.855098921,118.6218356
36.67552618,142.7143572
39.99201414,154.8338797
10.7454422,122.1966995
26.19004374,130.5123967
25.65033712,129.0327209
7.081621202,137.8851379
34.01150931,144.5980984
37.67562723,121.4965745
4.143842877,138.6625445
52.48552075,150.1142917
4.000808869,138.8578932
23.31072186,131.4697138
29.19912487,137.6533079
15.51003923,158.9038518
5.644913532,125.5729199
7.740365278,127.284784
9.068704321,147.3271394
36.44799243,153.7406189
4.706568102,138.3887315
26.7839782,143.6000443
39.58621099,129.8699865
22.34479132,134.1015393
23.76612529,123.8165463
6.065934186,129.0483371
11.54496033,163.218849
37.63102871,136.8102549
22.59399941,116.0834597
17.3106148,142.3942207
37.1852632,144.9020708
26.49335088,144.4664433
24.03501785,119.0486124
13.74863497,161.523302
32.35844664,147.4135175
21.00072964,149.8916209
5.826658866,116.2991066
14.26870172,148.0688459
21.61744823,155.2093802
25.27175775,140.6726329
39.91227431,156.9856367
18.52863048,123.4542521
6.389577616,137.5782329
14.49782925,164.8664349
5.202012234,139.0361332
4.006602689,141.752028
25.73397249,133.9265454
27.95722121,137.0205959
17.30906581,133.7316691
29.76236433,142.077522
43.59859445,159.0503732
28.30661911,107.6083753
2.264924681,154.7937586
12.86542161,143.5226564
10.542869,147.7682995
34.36984916,121.8555839
7.796428618,115.0440738
23.50110968,115.0207937
14.50877458,147.7941672
50.87139402,145.5262751
38.79327113,143.8873826
24.63865114,136.8361565
14.25094801,157.6156723
25.62011529,145.0444452
10.87737109,134.824374
51.01235724,138.9874725
39.89252089,132.1962243
32.02316257,144.346934
13.94430342,149.7284435
3.151658633,148.6193214
31.80354833,144.0960978
39.66385545,138.9784932
17.76291223,145.3255929
33.01559379,148.5476077
16.60080388,125.0715823
29.95218884,128.1564309
7.725869481,130.1803524
20.8656321,128.055553
2.964679448,130.1173708
17.25002284,146.814267
21.00900366,123.7930686
23.42993197,144.8413328
13.17555214,128.0563091
8.050547689,132.0228152
53.21363055,126.6639139
23.98998751,129.2884611
12.41025326,129.4079534
32.01803579,145.6866174
18.05984298,147.5440242
31.15198543,127.2392743
28.2087862,129.2355247
32.56902841,151.1029772
26.05554576,136.8511049
12.10836105,136.0455695
31.53732146,129.7650343
20.7450686,113.7855625
23.90561988,124.4670737
0.227949022,147.7807232
23.15506295,133.3493377
15.46856486,174.0655065
17.0878356,136.9817596
29.78457919,141.3081851
34.81142675,144.161732
31.41633714,146.6499562
29.67955647,139.3602055
23.33791666,135.9344676
29.06254261,119.8094197
30.89204435,154.9703803
31.12642667,138.4385342
27.57843817,128.35132
32.55653321,123.5117706
28.90596682,147.9898609
26.10091754,133.2937453
31.40249349,112.4410271
31.65832719,142.8715686
35.76438009,143.0007348
47.5728522,125.87271
29.14110978,126.7099327
18.10420729,151.1355888
29.38145489,171.1930802
14.728899,159.2900202
16.18549719,129.4864987
115.6556966,142.4400594
132.1804159,152.7127605
132.0739887,132.8509766
145.3198291,165.818237
123.6702518,155.2641921
153.1115795,136.6858104
150.1312443,135.7358536
175.5708268,138.3185706
141.2062114,135.1131259
114.5981893,136.0526993
143.4805546,162.5138393
147.3793569,137.1592672
140.8991479,144.9101055
134.3155091,150.2335553
164.3763224,134.5527689
158.112954,153.1448946
148.0586729,141.6788843
145.0667581,136.7391024
167.5530276,129.2239527
157.0241704,163.2458258
135.152985,157.4877044
142.1597202,140.9353968
138.8815446,115.7940335
148.2188594,161.6532765
129.4291937,152.7100799
138.7219191,123.6096609
154.9683495,165.2905525
128.0862146,143.2370254
118.4039644,139.3698902
147.290996,166.2936441
163.3636057,164.6374751
132.0936209,136.322524
115.0354186,129.2726674
118.222562,145.4830534
129.5451499,123.478666
134.6687835,122.2268457
144.6352523,144.2667124
135.2643111,129.0398678
119.9083794,148.3303491
143.4308111,146.964732
135.4034693,136.7311474
161.6299872,130.991227
135.3103397,151.1583812
144.5436694,109.3006669
114.681699,130.087531
153.654495,150.0750962
147.7928504,149.4161614
125.4658287,149.0157064
126.1807445,154.209488
132.341523,144.2243912
111.8825239,119.7666663
156.3601616,150.3761581
121.7309484,159.2838758
123.6382336,140.2994166
132.7984907,126.1487721
157.5191084,165.2747224
142.6741133,162.8899838
135.7817742,141.624629
141.9723388,122.6493667
147.4918534,150.6453971
137.3978955,114.6237325
145.5155824,117.2747973
127.8309525,141.9713194
128.455063,143.8051498
136.6068462,115.5425523
142.5195734,148.7986952
155.1860036,134.5014789
139.0777448,117.57337
169.4733411,162.5751228
139.5224897,138.1273734
96.04665733,155.5289384
148.4429177,152.1921781
133.9212777,132.9585676
121.4687203,151.670146
158.7823082,156.8582432
142.8088636,135.1002245
124.2204436,129.4737422
147.0132571,135.7316994
164.6210628,157.2853405
130.972863,121.765069
131.7737249,155.9807442
132.1411639,148.1898198
131.5117982,145.1474624
147.9221296,154.7874987
161.498602,159.653434
132.0474274,137.794719
122.3971236,136.4647207
140.3647572,133.940601
132.4462315,155.4812027
153.6122442,145.9868307
120.8373409,143.0139635
134.2365264,159.7359119
112.9656388,131.6176446
131.2002454,133.0013895
154.3636812,104.7146238
136.8792174,152.7608101
154.7017626,131.7638321
129.8033278,145.1932036
142.2655504,141.0410467
82.97932705,123.0924169
127.0516541,149.6451479
118.3886044,124.3005866
137.6842399,120.6860723
149.6428086,134.1289448
167.493589,130.5542192
131.355752,152.0665743
130.1699461,162.6735248
147.2437241,135.4418009
137.58803,182.7606161
147.3298154,142.2571552
138.0113487,155.5574305
117.2251053,137.2821797
97.49513816,131.9988856
152.7189022,160.7334626
149.0895536,149.5995289
114.2614777,129.8243928
162.1160752,132.1420998
137.960264,127.9165702
125.9937277,132.9459616
130.0841605,154.3625269
143.230544,155.2832574
119.1914375,158.3817972
140.3218434,167.5902258
139.2083579,117.5989728
159.2633094,137.9526764
107.7182738,142.1779202
143.4684219,156.1416911
86.18759253,157.2330421
132.8810487,168.8937186
114.225785,148.1800835
146.1757825,133.668279
128.3929114,134.3938246
134.7991956,121.1984299
154.8948826,123.6169948
155.3478647,113.1659815
137.3421533,137.565402
139.7630844,154.3444382
136.9647917,133.1310588
137.0100862,154.7151028
121.9158958,124.6899725
110.6495262,170.4087304
122.6038291,111.7185252
127.8665129,130.8131713
161.98184,133.0265116
144.3765392,113.1383029
143.1197524,115.2680563
135.2960743,128.6019353
140.8740725,149.5161306
119.9615607,122.9537236
142.9038351,150.3092857
161.2606279,132.921624
117.6278199,142.7993858
128.0803442,126.133697
161.1226561,149.2807522
129.078832,139.719327
138.7148452,142.4764343
133.9109058,111.4990621
125.3547474,132.0200512
140.4216765,123.7655846
142.7942741,134.2809281
128.6078735,120.9458581
146.6973712,146.3636508
152.0033132,148.2393234
149.3620168,145.7311793
113.6238548,135.8132168
118.5142631,160.5381811
139.7897941,159.0463377
124.5451656,138.6219618
143.9506137,135.0364678
142.816841,162.2324519
124.5212987,100.4311627
164.0093621,128.1250665
156.8374954,149.7786995
136.749698,145.7051718
122.891986,141.2884573
148.9106031,128.3850091
134.2956335,144.6889028
159.8491056,139.9526774
133.5401023,137.8037634
157.4026392,130.377315
20.07989121,62.04951079
170.7166802,32.38706418
77.73039835,110.8370157
35.58784431,140.1308261
156.2613803,126.9167436
172.3615323,26.14023297
0.658996802,53.38805795
168.0071069,25.39462522
152.7684846,185.8601266
112.1544251,176.6078659
49.62090863,144.5643565
156.026593,97.49893985
120.550604,17.77895006
55.26733056,15.35887768
47.88819036,178.5143617
6.169178661,99.36604513
104.5331981,57.15449775
156.3246836,117.9087585
39.04899266,94.23726705
4.673687607,3.581341298
146.9772181,34.45279582
193.6964242,71.64206446
139.7432157,92.49520098
81.89244989,133.5871366
125.2114472,175.3726459
16.88426876,101.3109522
121.537006,129.9701052
125.0960116,73.56875348
6.215418139,142.6992808
8.76788498,94.14288059
143.8246399,54.70231929
5.56011519,18.54409616
27.82121678,133.0196118
130.7061056,195.6796116
64.77555631,26.27415474
34.5062971,6.432675178
164.7756573,15.23105539
178.7320173,9.687456646
162.6623754,39.15110991
4.616624789,140.3090521
0.530009993,59.53396947
11.41854098,24.27335687
25.08209049,144.6380683
194.4309495,48.91733811
79.78123881,74.87795679
51.35943855,142.5407548
54.26249086,102.8829229
25.95005474,169.5926091
137.4745345,107.7517207
122.8170951,44.87395526
168.8111671,24.48184416
176.2304839,122.6280295
188.0741691,57.63260505
187.0762585,127.6613858
1.9976614,20.5782193
118.5735136,19.01599629
149.5753412,134.3942565
37.46832397,127.3851151
113.3439361,49.26688423
141.5126273,50.26143692
172.945544,79.24846175
99.05407355,132.2654022
176.5930709,91.23346064
130.980155,119.369878
14.43035689,126.5780856
9.273410017,101.1221954
21.30543492,121.7356112
144.1968064,157.1560824
118.0022322,197.8595683
71.97970913,2.266254022
163.6843056,90.46654126
108.5166873,169.4007805
52.39798964,65.34960737
19.3420452,136.3583801
42.5989731,170.6475518
122.0544083,182.2730972
12.19898228,198.34169
79.55860208,109.1327059
128.7468129,97.05566318
105.5776676,83.43112416
37.37666901,193.8885671
160.2192282,119.5783169
11.31636958,178.944729
15.48111226,156.4363411
11.76636016,152.2534879
168.9153362,89.94993713
110.9177347,167.5162539
194.1374628,3.553531158
25.95747254,172.8291231
135.7096914,54.47283844
89.02533267,22.23457647
5.736183145,146.3970283
144.8143952,138.857591
176.8900474,57.32805412
84.72356444,50.11555056
125.061548,127.4033862
81.55549657,187.026204
97.70999077,183.5292709
146.0913301,187.73054
151.5401949,44.93855684
