Feature A,Feature B,Feature C,Feature D,Category
46.25,25.36,7.71,92.5,Japan
41.1,23.32,8.22,82.2,Japan
41.1,20.56,7.2,82.2,Japan
36.85,20.56,5.64,73.7,Japan
49.7,27.4,6.18,99.4,Japan
48.85,30.16,7.71,97.7,Japan
46.25,26.72,6.69,92.5,Japan
43.7,24,7.2,87.4,Japan
48.85,26.04,8.73,97.7,Japan
43.7,26.04,7.71,87.4,Japan
46.25,23.32,8.73,92.5,Japan
43.7,25.36,7.71,87.4,Japan
39.4,24.68,5.13,78.8,Japan
43.7,22.6,8.73,87.4,Japan
41.1,23.32,9.78,82.2,Japan
42.85,20.56,8.22,85.7,Japan
42.85,23.32,8.22,85.7,Japan
44.55,24,7.71,89.1,Japan
44.55,23.32,7.2,89.1,Japan
40.25,21.92,8.22,80.5,Japan
41.1,21.24,8.22,82.2,Japan
46.25,23.32,7.71,92.5,Japan
44.55,28.08,7.71,89.1,Japan
47.1,28.8,7.2,94.2,Japan
42,21.24,7.71,84,Japan
42.85,21.92,6.18,85.7,Japan
47.1,24,6.69,94.2,Japan
42,21.24,7.71,84,Japan
37.7,20.56,6.69,75.4,Japan
43.7,23.32,7.71,87.4,Japan
42.85,24,6.69,85.7,Japan
38.55,15.76,6.69,77.1,Japan
37.7,21.92,6.69,75.4,Japan
42.85,24,8.22,85.7,Japan
43.7,26.04,9.78,87.4,Japan
41.1,20.56,7.2,82.2,Japan
43.7,26.04,8.22,87.4,Japan
39.4,21.92,7.2,78.8,Japan
45.4,25.36,7.71,90.8,Japan
42.85,22.6,7.2,85.7,Japan
59.95,21.92,24.15,119.9,China
50.55,20.56,21.6,101.1,China
51.4,15.08,20.55,102.8,China
52.25,19.88,24.15,104.5,China
48,19.88,18.51,96,China
57.4,21.24,22.62,114.8,China
48,20.56,23.13,96,China
49.7,18.52,21.06,99.4,China
53.1,15.08,23.13,106.2,China
48,17.12,20.04,96,China
50.55,21.92,24.66,101.1,China
52.25,19.2,20.55,104.5,China
53.95,17.12,25.2,107.9,China
52.25,19.2,24.15,104.5,China
54.85,19.88,22.11,109.7,China
56.55,20.56,22.62,113.1,China
58.25,19.2,24.66,116.5,China
57.4,20.56,25.71,114.8,China
51.4,19.88,23.13,102.8,China
48.85,17.8,18,97.7,China
47.1,16.44,19.53,94.2,China
47.1,16.44,19.02,94.2,China
49.7,18.52,20.04,99.4,China
51.4,18.52,26.22,102.8,China
46.25,20.56,23.13,92.5,China
51.4,23.32,23.13,102.8,China
57.4,21.24,24.15,114.8,China
53.95,15.76,22.62,107.9,China
48,20.56,21.06,96,China
47.1,17.12,20.55,94.2,China
47.1,17.8,22.62,94.2,China
52.25,20.56,23.64,104.5,China
49.7,17.8,20.55,99.4,China
42.85,15.76,16.95,85.7,China
48,18.52,21.6,96,China
48.85,20.56,21.6,97.7,China
48.85,19.88,21.6,97.7,China
53.1,19.88,22.11,106.2,China
43.7,17.12,15.42,87.4,China
48.85,19.2,21.06,97.7,China
53.95,22.6,30.84,107.9,Russia
49.7,18.52,26.22,99.4,Russia
60.85,20.56,30.33,121.7,Russia
53.95,19.88,28.8,107.9,Russia
49.7,19.2,26.22,99.4,Russia
54.85,21.92,27.24,109.7,Russia
55.7,20.56,28.26,111.4,Russia
65.95,26.04,34.44,131.9,Russia
65.95,17.8,35.46,131.9,Russia
51.4,15.08,25.71,102.8,Russia
59.1,21.92,29.31,118.2,Russia
48,19.2,25.2,96,Russia
65.95,19.2,34.44,131.9,Russia
53.95,18.52,25.2,107.9,Russia
57.4,22.6,29.31,114.8,Russia
61.7,21.92,30.84,123.4,Russia
53.1,19.2,24.66,106.2,Russia
52.25,20.56,25.2,104.5,Russia
54.85,19.2,28.8,109.7,Russia
61.7,20.56,29.82,123.4,Russia
63.4,19.2,31.35,126.8,Russia
67.7,26.04,32.91,135.4,Russia
54.85,19.2,28.8,109.7,Russia
53.95,19.2,26.22,107.9,Russia
52.25,17.8,28.8,104.5,Russia
65.95,20.56,31.35,131.9,Russia
53.95,23.32,28.8,107.9,Russia
54.85,21.24,28.26,109.7,Russia
51.4,20.56,24.66,102.8,Russia
59.1,21.24,27.75,118.2,Russia
57.4,21.24,28.8,114.8,Russia
59.1,21.24,26.22,118.2,Russia
49.7,18.52,26.22,99.4,Russia
58.25,21.92,30.33,116.5,Russia
57.4,22.6,29.31,114.8,Russia
57.4,20.56,26.73,114.8,Russia
53.95,17.12,25.71,107.9,Russia
55.7,20.56,26.73,111.4,Russia
53.1,23.32,27.75,106.2,Russia
50.55,20.56,26.22,101.1,Russia
